ranking_date,rank,player,points,date,path
20041227,1,103819,6335.0,2004-12-27,"Melbourne -> Rotterdam, Rotterdam -> Dubai, Dubai -> Indian Wells, Indian Wells -> Miami, Miami -> Rome, Rome -> Hamburg, Hamburg -> Paris 1, Paris 1 -> Halle, Halle -> London, London -> Gstaad, Gstaad -> Canada, Canada -> Cincinnati, Cincinnati -> Athens Olympics, Athens Olympics -> New York, New York -> Bangkok, Bangkok -> Masters Cup"
20041227,2,104053,3655.0,2004-12-27,"Doha -> Melbourne, Melbourne -> San Jose, San Jose -> Memphis, Memphis -> Scottsdale, Scottsdale -> Indian Wells, Indian Wells -> Miami, Miami -> Houston, Houston -> Rome, Rome -> Paris 1, Paris 1 -> Queen's Club, Queen's Club -> London, London -> Indianapolis, Indianapolis -> Canada, Canada -> Cincinnati, Cincinnati -> Athens Olympics, Athens Olympics -> New York, New York -> Bangkok, Bangkok -> Paris, Paris -> Masters Cup"
20041227,3,103720,3590.0,2004-12-27,"Sydney -> Melbourne, Melbourne -> Rotterdam, Rotterdam -> Indian Wells, Indian Wells -> Miami, Miami -> Monte Carlo, Monte Carlo -> Rome, Rome -> Hamburg, Hamburg -> Dusseldorf, Dusseldorf -> Paris 1, Paris 1 -> Queen's Club, Queen's Club -> London, London -> Canada, Canada -> Cincinnati, Cincinnati -> Washington, Washington -> Long Island, Long Island -> New York, New York -> Tokyo, Tokyo -> Paris, Paris -> Masters Cup"
20041227,4,103498,3060.0,2004-12-27,"Melbourne -> Marseille, Marseille -> Dubai, Dubai -> Indian Wells, Indian Wells -> Miami, Miami -> Estoril, Estoril -> Monte Carlo, Monte Carlo -> Rome, Rome -> Hamburg, Hamburg -> Paris 1, Paris 1 -> Halle, Halle -> London, London -> Canada, Canada -> Cincinnati, Cincinnati -> Sopot, Sopot -> Athens Olympics, Athens Olympics -> New York, New York -> Beijing, Beijing -> Bangkok, Bangkok -> Moscow, Moscow -> Madrid, Madrid -> St. Petersburg, St. Petersburg -> Paris, Paris -> Masters Cup"
20041227,5,102845,2520.0,2004-12-27,"Chennai -> Sydney, Sydney -> Buenos Aires, Buenos Aires -> Costa Do Sauipe, Costa Do Sauipe -> Acapulco, Acapulco -> Indian Wells, Indian Wells -> Miami, Miami -> Monte Carlo, Monte Carlo -> Barcelona, Barcelona -> Rome, Rome -> Hamburg, Hamburg -> Paris 1, Paris 1 -> London, London -> Umag, Umag -> Canada, Canada -> Cincinnati, Cincinnati -> Athens Olympics, Athens Olympics -> New York, New York -> Beijing, Beijing -> Masters Cup"
20041227,6,102450,2465.0,2004-12-27,"Doha -> Melbourne, Melbourne -> Rotterdam, Rotterdam -> Dubai, Dubai -> Indian Wells, Indian Wells -> Miami, Miami -> Monte Carlo, Monte Carlo -> Rome, Rome -> Hamburg, Hamburg -> Paris 1, Paris 1 -> Queen's Club, Queen's Club -> London, London -> Canada, Canada -> Cincinnati, Cincinnati -> Athens Olympics, Athens Olympics -> New York, New York -> Madrid, Madrid -> Basel, Basel -> Paris, Paris -> Masters Cup"
20041227,7,103909,2400.0,2004-12-27,"Auckland -> Melbourne, Melbourne -> Buenos Aires, Buenos Aires -> Marseille, Marseille -> Dubai, Dubai -> Indian Wells, Indian Wells -> Miami, Miami -> Monte Carlo, Monte Carlo -> Hamburg, Hamburg -> Paris 1, Paris 1 -> Queen's Club, Queen's Club -> s Hertogenbosch, s Hertogenbosch -> London, London -> Canada, Canada -> Masters Cup"
20041227,8,101736,2100.0,2004-12-27,"Melbourne -> San Jose, San Jose -> Indian Wells, Indian Wells -> Miami, Miami -> St. Poelten, St. Poelten -> Paris 1, Paris 1 -> Queen's Club, Queen's Club -> Los Angeles, Los Angeles -> Canada, Canada -> Cincinnati, Cincinnati -> Washington, Washington -> New York, New York -> Madrid, Madrid -> Stockholm"
20041227,9,103900,1945.0,2004-12-27,"Melbourne -> Dubai, Dubai -> Monte Carlo, Monte Carlo -> Barcelona, Barcelona -> Rome, Rome -> Hamburg, Hamburg -> Paris 1, Paris 1 -> Canada, Canada -> New York, New York -> Beijing, Beijing -> Tokyo, Tokyo -> Vienna, Vienna -> Madrid, Madrid -> Basel"
20041227,10,103292,1920.0,2004-12-27,"Auckland -> Melbourne, Melbourne -> Vina del Mar, Vina del Mar -> Buenos Aires, Buenos Aires -> Costa Do Sauipe, Costa Do Sauipe -> Acapulco, Acapulco -> Indian Wells, Indian Wells -> Miami, Miami -> Estoril, Estoril -> Monte Carlo, Monte Carlo -> Barcelona, Barcelona -> Rome, Rome -> Hamburg, Hamburg -> Dusseldorf, Dusseldorf -> Paris 1, Paris 1 -> Bastad, Bastad -> Stuttgart, Stuttgart -> Kitzbuhel, Kitzbuhel -> Canada, Canada -> Cincinnati, Cincinnati -> New York, New York -> Basel, Basel -> Paris, Paris -> Masters Cup"
20041227,11,104026,1595.0,2004-12-27,"Sydney -> Melbourne, Melbourne -> San Jose, San Jose -> Memphis, Memphis -> Miami, Miami -> Munich, Munich -> Hamburg, Hamburg -> St. Poelten, St. Poelten -> Paris 1, Paris 1 -> Halle, Halle -> Nottingham, Nottingham -> London, London -> Bastad, Bastad -> Indianapolis, Indianapolis -> Canada, Canada -> Cincinnati, Cincinnati -> Athens Olympics, Athens Olympics -> Long Island, Long Island -> New York, New York -> Lyon, Lyon -> Moscow, Moscow -> Madrid, Madrid -> Stockholm"
20041227,12,103084,1595.0,2004-12-27,"Adelaide -> Melbourne, Melbourne -> Buenos Aires, Buenos Aires -> Costa Do Sauipe, Costa Do Sauipe -> Acapulco, Acapulco -> Indian Wells, Indian Wells -> Miami, Miami -> Estoril, Estoril -> Monte Carlo, Monte Carlo -> Barcelona, Barcelona -> Rome, Rome -> Hamburg, Hamburg -> Paris 1, Paris 1 -> s Hertogenbosch, s Hertogenbosch -> London, London -> Bastad, Bastad -> Stuttgart, Stuttgart -> Umag, Umag -> New York, New York -> Shanghai, Shanghai -> Tokyo, Tokyo -> Vienna, Vienna -> Madrid, Madrid -> Paris"
20041227,13,103990,1465.0,2004-12-27,"Chennai -> Sydney, Sydney -> Melbourne, Melbourne -> Milan, Milan -> Rotterdam, Rotterdam -> Dubai, Dubai -> Indian Wells, Indian Wells -> Miami, Miami -> Estoril, Estoril -> Monte Carlo, Monte Carlo -> Barcelona, Barcelona -> Rome, Rome -> Hamburg, Hamburg -> Paris 1, Paris 1 -> s Hertogenbosch, s Hertogenbosch -> London, London -> Bastad, Bastad -> Stuttgart, Stuttgart -> Canada, Canada -> Cincinnati, Cincinnati -> Athens Olympics, Athens Olympics -> New York, New York -> Lyon, Lyon -> Madrid, Madrid -> Basel, Basel -> Paris"
20041227,14,103103,1380.0,2004-12-27,"Adelaide -> Auckland, Auckland -> Melbourne, Melbourne -> Milan, Milan -> Marseille, Marseille -> Dubai, Dubai -> Indian Wells, Indian Wells -> Miami, Miami -> Monte Carlo, Monte Carlo -> Barcelona, Barcelona -> Rome, Rome -> Hamburg, Hamburg -> Casablanca, Casablanca -> Paris 1, Paris 1 -> s Hertogenbosch, s Hertogenbosch -> London, London -> Los Angeles, Los Angeles -> Indianapolis, Indianapolis -> Canada, Canada -> Cincinnati, Cincinnati -> Athens Olympics, Athens Olympics -> New York, New York -> Beijing, Beijing -> Lyon, Lyon -> Moscow, Moscow -> Madrid, Madrid -> St. Petersburg, St. Petersburg -> Paris"
20041227,15,103206,1370.0,2004-12-27,"Doha -> Melbourne, Melbourne -> Indian Wells, Indian Wells -> Miami, Miami -> Monte Carlo, Monte Carlo -> Rome, Rome -> Hamburg, Hamburg -> Paris 1, Paris 1 -> Queen's Club, Queen's Club -> London, London -> Indianapolis, Indianapolis -> Canada, Canada -> Cincinnati, Cincinnati -> Athens Olympics, Athens Olympics -> New York"
20041227,16,104022,1340.0,2004-12-27,"Doha -> Sydney, Sydney -> Melbourne, Melbourne -> Milan, Milan -> Rotterdam, Rotterdam -> Dubai, Dubai -> Indian Wells, Indian Wells -> Miami, Miami -> Munich, Munich -> Rome, Rome -> Hamburg, Hamburg -> Paris 1, Paris 1 -> Halle, Halle -> s Hertogenbosch, s Hertogenbosch -> London, London -> Bastad, Bastad -> Stuttgart, Stuttgart -> Canada, Canada -> Cincinnati, Cincinnati -> Athens Olympics, Athens Olympics -> New York, New York -> Beijing, Beijing -> Lyon, Lyon -> Moscow, Moscow -> Madrid, Madrid -> St. Petersburg, St. Petersburg -> Paris"
20041227,17,103163,1330.0,2004-12-27,"San Jose -> Memphis, Memphis -> Indian Wells, Indian Wells -> Miami, Miami -> Houston, Houston -> Monte Carlo, Monte Carlo -> Munich, Munich -> Rome, Rome -> Hamburg, Hamburg -> Dusseldorf, Dusseldorf -> Paris 1, Paris 1 -> Halle, Halle -> London, London -> Los Angeles, Los Angeles -> Canada, Canada -> Cincinnati, Cincinnati -> Athens Olympics, Athens Olympics -> New York, New York -> Vienna, Vienna -> Madrid, Madrid -> Stockholm, Stockholm -> Paris"
20041227,18,102318,1325.0,2004-12-27,"Melbourne -> Rotterdam, Rotterdam -> Marseille, Marseille -> Dubai, Dubai -> Indian Wells, Indian Wells -> Miami, Miami -> Houston, Houston -> Monte Carlo, Monte Carlo -> Munich, Munich -> Rome, Rome -> Hamburg, Hamburg -> Paris 1, Paris 1 -> Halle, Halle -> London, London -> Gstaad, Gstaad -> Stuttgart, Stuttgart -> Canada, Canada -> Cincinnati, Cincinnati -> Athens Olympics, Athens Olympics -> New York, New York -> Tokyo, Tokyo -> Madrid, Madrid -> Stockholm, Stockholm -> Paris"
20041227,19,103454,1320.0,2004-12-27,"Doha -> Sydney, Sydney -> Melbourne, Melbourne -> Vina del Mar, Vina del Mar -> Buenos Aires, Buenos Aires -> Costa Do Sauipe, Costa Do Sauipe -> Acapulco, Acapulco -> Indian Wells, Indian Wells -> Miami, Miami -> Estoril, Estoril -> Monte Carlo, Monte Carlo -> Barcelona, Barcelona -> Rome, Rome -> Hamburg, Hamburg -> Dusseldorf, Dusseldorf -> Paris 1, Paris 1 -> London, London -> Bastad, Bastad -> Amersfoort, Amersfoort -> Kitzbuhel, Kitzbuhel -> Canada, Canada -> Cincinnati, Cincinnati -> Athens Olympics, Athens Olympics -> New York, New York -> Palermo, Palermo -> Lyon, Lyon -> Vienna, Vienna -> Madrid, Madrid -> Basel, Basel -> Paris"
20041227,20,102434,1285.0,2004-12-27,"Adelaide -> Auckland, Auckland -> Melbourne, Melbourne -> San Jose, San Jose -> Memphis, Memphis -> Scottsdale, Scottsdale -> Indian Wells, Indian Wells -> Miami, Miami -> Monte Carlo, Monte Carlo -> Munich, Munich -> Rome, Rome -> Hamburg, Hamburg -> Dusseldorf, Dusseldorf -> Paris 1, Paris 1 -> Nottingham, Nottingham -> London, London -> Newport, Newport -> Los Angeles, Los Angeles -> Canada, Canada -> Cincinnati, Cincinnati -> Athens Olympics, Athens Olympics -> New York, New York -> Delray Beach, Delray Beach -> Lyon, Lyon -> Moscow, Moscow -> Madrid, Madrid -> Basel, Basel -> Paris"
20041227,21,103017,1240.0,2004-12-27,"Doha -> Auckland, Auckland -> Melbourne, Melbourne -> San Jose, San Jose -> Memphis, Memphis -> Scottsdale, Scottsdale -> Indian Wells, Indian Wells -> Miami, Miami -> Monte Carlo, Monte Carlo -> Rome, Rome -> Hamburg, Hamburg -> Dusseldorf, Dusseldorf -> Paris 1, Paris 1 -> Halle, Halle -> London, London -> Los Angeles, Los Angeles -> Indianapolis, Indianapolis -> Canada, Canada -> Cincinnati, Cincinnati -> Athens Olympics, Athens Olympics -> New York"
20041227,22,103344,1235.0,2004-12-27,"Doha -> Melbourne, Melbourne -> Milan, Milan -> Dubai, Dubai -> Indian Wells, Indian Wells -> Miami, Miami -> Valencia, Valencia -> Monte Carlo, Monte Carlo -> Rome, Rome -> Hamburg, Hamburg -> Paris 1, Paris 1 -> Halle, Halle -> London, London -> Indianapolis, Indianapolis -> Canada, Canada -> Cincinnati, Cincinnati -> Athens Olympics, Athens Olympics -> New York, New York -> Lyon, Lyon -> Metz, Metz -> Madrid, Madrid -> Basel, Basel -> Paris"
20041227,23,103602,1235.0,2004-12-27,"Auckland -> Melbourne, Melbourne -> Vina del Mar, Vina del Mar -> Rotterdam, Rotterdam -> Marseille, Marseille -> Indian Wells, Indian Wells -> Miami, Miami -> Monte Carlo, Monte Carlo -> Barcelona, Barcelona -> Rome, Rome -> Hamburg, Hamburg -> Dusseldorf, Dusseldorf -> Paris 1, Paris 1 -> London, London -> Bastad, Bastad -> Amersfoort, Amersfoort -> Canada, Canada -> Cincinnati, Cincinnati -> Athens Olympics, Athens Olympics -> New York, New York -> Madrid, Madrid -> Basel, Basel -> Paris"
20041227,24,102562,1195.0,2004-12-27,"Auckland -> Melbourne, Melbourne -> Indian Wells, Indian Wells -> Miami, Miami -> Monte Carlo, Monte Carlo -> Munich, Munich -> Rome, Rome -> Hamburg, Hamburg -> Dusseldorf, Dusseldorf -> Paris 1, Paris 1 -> Halle, Halle -> London, London -> Gstaad, Gstaad -> Stuttgart, Stuttgart -> Umag, Umag -> Canada, Canada -> Cincinnati, Cincinnati -> Athens Olympics, Athens Olympics -> New York, New York -> Shanghai, Shanghai -> Tokyo, Tokyo -> Madrid, Madrid -> Basel, Basel -> Paris"
20041227,25,103852,1185.0,2004-12-27,"Sydney -> Melbourne, Melbourne -> Milan, Milan -> Dubai, Dubai -> Indian Wells, Indian Wells -> Miami, Miami -> Valencia, Valencia -> Monte Carlo, Monte Carlo -> Barcelona, Barcelona -> Rome, Rome -> Hamburg, Hamburg -> Dusseldorf, Dusseldorf -> Paris 1, Paris 1 -> Halle, Halle -> London, London -> Stuttgart, Stuttgart -> Kitzbuhel, Kitzbuhel -> Canada, Canada -> Cincinnati, Cincinnati -> Athens Olympics, Athens Olympics -> New York, New York -> Bangkok, Bangkok -> Lyon, Lyon -> Vienna, Vienna -> Madrid, Madrid -> Stockholm, Stockholm -> Paris"
20041227,26,103428,1135.0,2004-12-27,"Doha -> Sydney, Sydney -> Melbourne, Melbourne -> Vina del Mar, Vina del Mar -> Buenos Aires, Buenos Aires -> Costa Do Sauipe, Costa Do Sauipe -> Acapulco, Acapulco -> Indian Wells, Indian Wells -> Miami, Miami -> Estoril, Estoril -> Monte Carlo, Monte Carlo -> Barcelona, Barcelona -> Rome, Rome -> Hamburg, Hamburg -> Dusseldorf, Dusseldorf -> Paris 1, Paris 1 -> London, London -> Bastad, Bastad -> Stuttgart, Stuttgart -> Canada, Canada -> Cincinnati, Cincinnati -> Athens Olympics, Athens Olympics -> Long Island, Long Island -> New York, New York -> Vienna, Vienna -> Madrid, Madrid -> Basel, Basel -> Paris"
20041227,27,103387,1130.0,2004-12-27,"Chennai -> Sydney, Sydney -> Melbourne, Melbourne -> Rotterdam, Rotterdam -> Marseille, Marseille -> Dubai, Dubai -> Indian Wells, Indian Wells -> Miami, Miami -> Monte Carlo, Monte Carlo -> Munich, Munich -> Rome, Rome -> Hamburg, Hamburg -> Paris 1, Paris 1 -> Queen's Club, Queen's Club -> Nottingham, Nottingham -> London, London -> Los Angeles, Los Angeles -> Indianapolis, Indianapolis -> Canada, Canada -> Cincinnati, Cincinnati -> Athens Olympics, Athens Olympics -> Long Island, Long Island -> New York, New York -> Beijing, Beijing -> Bangkok, Bangkok -> Tokyo, Tokyo -> Vienna, Vienna -> Madrid, Madrid -> Basel, Basel -> Paris"
20041227,28,103786,1085.0,2004-12-27,"Doha -> Melbourne, Melbourne -> Milan, Milan -> Rotterdam, Rotterdam -> Marseille, Marseille -> Dubai, Dubai -> Indian Wells, Indian Wells -> Miami, Miami -> Estoril, Estoril -> Monte Carlo, Monte Carlo -> Munich, Munich -> Rome, Rome -> Hamburg, Hamburg -> St. Poelten, St. Poelten -> Paris 1, Paris 1 -> Halle, Halle -> s Hertogenbosch, s Hertogenbosch -> London, London -> Bastad, Bastad -> Stuttgart, Stuttgart -> Kitzbuhel, Kitzbuhel -> Sopot, Sopot -> Athens Olympics, Athens Olympics -> Long Island, Long Island -> New York, New York -> Bucharest, Bucharest -> Palermo, Palermo -> Lyon, Lyon -> Moscow, Moscow -> St. Petersburg, St. Petersburg -> Paris"
20041227,29,104339,1061.0,2004-12-27,"Adelaide -> Auckland, Auckland -> Melbourne, Melbourne -> Milan, Milan -> Scottsdale, Scottsdale -> Indian Wells, Indian Wells -> Valencia, Valencia -> Barcelona, Barcelona -> Rome, Rome -> St. Poelten, St. Poelten -> Paris 1, Paris 1 -> Queen's Club, Queen's Club -> s Hertogenbosch, s Hertogenbosch -> London, London -> Athens Olympics, Athens Olympics -> Long Island, Long Island -> New York, New York -> Delray Beach, Delray Beach -> Lyon, Lyon -> Madrid, Madrid -> Basel, Basel -> Paris"
20041227,30,102563,1013.0,2004-12-27,"Adelaide -> Melbourne, Melbourne -> Milan, Milan -> Rotterdam, Rotterdam -> Scottsdale, Scottsdale -> Indian Wells, Indian Wells -> Miami, Miami -> Barcelona, Barcelona -> Halle, Halle -> Nottingham, Nottingham -> London, London -> Bastad, Bastad -> Indianapolis, Indianapolis -> Canada, Canada -> Cincinnati, Cincinnati -> New York, New York -> Bangkok, Bangkok -> Tokyo, Tokyo -> Moscow, Moscow -> Stockholm, Stockholm -> Paris"
20041227,31,103507,955.0,2004-12-27,"Sydney -> Melbourne, Melbourne -> Rotterdam, Rotterdam -> Marseille, Marseille -> Valencia, Valencia -> Monte Carlo, Monte Carlo -> Paris 1, Paris 1 -> London, London -> Gstaad, Gstaad -> Canada, Canada -> Cincinnati, Cincinnati -> Athens Olympics, Athens Olympics -> New York, New York -> Beijing, Beijing -> Lyon, Lyon -> Madrid"
20041227,32,103758,955.0,2004-12-27,"Adelaide -> Melbourne, Melbourne -> San Jose, San Jose -> Memphis, Memphis -> Indian Wells, Indian Wells -> Miami, Miami -> Houston, Houston -> Monte Carlo, Monte Carlo -> Munich, Munich -> Paris 1, Paris 1 -> Queen's Club, Queen's Club -> Nottingham, Nottingham -> London, London -> Los Angeles, Los Angeles -> Cincinnati, Cincinnati -> Athens Olympics, Athens Olympics -> New York, New York -> Beijing, Beijing -> Bangkok, Bangkok -> Tokyo, Tokyo -> Vienna, Vienna -> Madrid, Madrid -> Basel, Basel -> Paris"
20041227,33,103285,950.0,2004-12-27,"Doha -> Auckland, Auckland -> Melbourne, Melbourne -> Milan, Milan -> Rotterdam, Rotterdam -> Indian Wells, Indian Wells -> Miami, Miami -> Estoril, Estoril -> Monte Carlo, Monte Carlo -> Munich, Munich -> Rome, Rome -> Dusseldorf, Dusseldorf -> Paris 1, Paris 1 -> Queen's Club, Queen's Club -> London, London -> Gstaad, Gstaad -> Stuttgart, Stuttgart -> Kitzbuhel, Kitzbuhel -> New York, New York -> Delray Beach, Delray Beach -> Lyon, Lyon -> Moscow, Moscow -> St. Petersburg, St. Petersburg -> Paris"
20041227,34,104417,950.0,2004-12-27,"Doha -> Auckland, Auckland -> Melbourne, Melbourne -> Marseille, Marseille -> Scottsdale, Scottsdale -> Indian Wells, Indian Wells -> Miami, Miami -> Monte Carlo, Monte Carlo -> Munich, Munich -> Rome, Rome -> Hamburg, Hamburg -> St. Poelten, St. Poelten -> Paris 1, Paris 1 -> Halle, Halle -> Nottingham, Nottingham -> London, London -> Bastad, Bastad -> Indianapolis, Indianapolis -> Canada, Canada -> Cincinnati, Cincinnati -> Athens Olympics, Athens Olympics -> New York, New York -> Bangkok, Bangkok -> Lyon, Lyon -> Moscow, Moscow -> Madrid, Madrid -> Stockholm, Stockholm -> Paris"
20041227,35,104252,939.0,2004-12-27,"Melbourne -> Marseille, Marseille -> Estoril, Estoril -> Rome, Rome -> Hamburg, Hamburg -> Paris 1, Paris 1 -> Halle, Halle -> London, London -> Gstaad, Gstaad -> Stuttgart, Stuttgart -> Kitzbuhel, Kitzbuhel -> Athens Olympics, Athens Olympics -> New York, New York -> Bucharest, Bucharest -> Vienna, Vienna -> Madrid, Madrid -> Basel"
20041227,36,104269,938.0,2004-12-27,"Chennai -> Melbourne, Melbourne -> Vina del Mar, Vina del Mar -> Buenos Aires, Buenos Aires -> Costa Do Sauipe, Costa Do Sauipe -> Acapulco, Acapulco -> Indian Wells, Indian Wells -> Miami, Miami -> Valencia, Valencia -> Barcelona, Barcelona -> Hamburg, Hamburg -> Paris 1, Paris 1 -> Halle, Halle -> s Hertogenbosch, s Hertogenbosch -> London, London -> Bastad, Bastad -> Kitzbuhel, Kitzbuhel -> Canada, Canada -> Cincinnati, Cincinnati -> Long Island, Long Island -> New York, New York -> Bucharest, Bucharest -> Palermo, Palermo -> Madrid, Madrid -> Stockholm, Stockholm -> Paris"
20041227,37,103888,935.0,2004-12-27,"Sydney -> Melbourne, Melbourne -> San Jose, San Jose -> Memphis, Memphis -> Indian Wells, Indian Wells -> Miami, Miami -> Houston, Houston -> Halle, Halle -> London, London -> Los Angeles, Los Angeles -> Indianapolis, Indianapolis -> Cincinnati, Cincinnati -> Athens Olympics, Athens Olympics -> New York, New York -> Delray Beach, Delray Beach -> Madrid, Madrid -> St. Petersburg, St. Petersburg -> Paris"
20041227,38,103632,925.0,2004-12-27,"Adelaide -> Auckland, Auckland -> Melbourne, Melbourne -> Vina del Mar, Vina del Mar -> Buenos Aires, Buenos Aires -> Costa Do Sauipe, Costa Do Sauipe -> Acapulco, Acapulco -> Indian Wells, Indian Wells -> Miami, Miami -> Houston, Houston -> Munich, Munich -> Rome, Rome -> Hamburg, Hamburg -> Paris 1, Paris 1 -> London, London -> Bastad, Bastad -> Amersfoort, Amersfoort -> Kitzbuhel, Kitzbuhel -> Canada, Canada -> Cincinnati, Cincinnati -> Athens Olympics, Athens Olympics -> Long Island, Long Island -> New York, New York -> Lyon, Lyon -> Vienna, Vienna -> Madrid, Madrid -> Basel, Basel -> Paris"
20041227,39,103781,920.0,2004-12-27,"Adelaide -> Melbourne, Melbourne -> San Jose, San Jose -> Memphis, Memphis -> Indian Wells, Indian Wells -> Miami, Miami -> Houston, Houston -> Barcelona, Barcelona -> Hamburg, Hamburg -> St. Poelten, St. Poelten -> Paris 1, Paris 1 -> Nottingham, Nottingham -> London, London -> Newport, Newport -> Kitzbuhel, Kitzbuhel -> Canada, Canada -> Cincinnati, Cincinnati -> Athens Olympics, Athens Olympics -> Long Island, Long Island -> New York, New York -> Lyon, Lyon -> Vienna, Vienna -> Paris"
20041227,40,102856,905.0,2004-12-27,"Auckland -> Melbourne, Melbourne -> Vina del Mar, Vina del Mar -> Buenos Aires, Buenos Aires -> Costa Do Sauipe, Costa Do Sauipe -> Indian Wells, Indian Wells -> Miami, Miami -> Monte Carlo, Monte Carlo -> Barcelona, Barcelona -> Paris 1, Paris 1 -> Canada, Canada -> Cincinnati, Cincinnati -> Athens Olympics, Athens Olympics -> New York"
20041227,41,103566,890.0,2004-12-27,"Adelaide -> Sydney, Sydney -> Paris 1, Paris 1 -> s Hertogenbosch, s Hertogenbosch -> London, London -> Indianapolis, Indianapolis -> Canada, Canada -> Cincinnati, Cincinnati -> Long Island, Long Island -> New York, New York -> Lyon, Lyon -> St. Petersburg, St. Petersburg -> Paris"
20041227,42,102783,885.0,2004-12-27,"Doha -> Sydney, Sydney -> Melbourne, Melbourne -> Rotterdam, Rotterdam -> Dubai, Dubai -> Indian Wells, Indian Wells -> Miami, Miami -> Estoril, Estoril -> Monte Carlo, Monte Carlo -> Munich, Munich -> Rome, Rome -> Hamburg, Hamburg -> Dusseldorf, Dusseldorf -> Paris 1, Paris 1 -> Halle, Halle -> s Hertogenbosch, s Hertogenbosch -> London, London -> Gstaad, Gstaad -> Stuttgart, Stuttgart -> Kitzbuhel, Kitzbuhel -> Canada, Canada -> Cincinnati, Cincinnati -> Athens Olympics, Athens Olympics -> New York, New York -> Beijing, Beijing -> Lyon, Lyon -> Vienna, Vienna -> Madrid, Madrid -> Basel, Basel -> Paris"
20041227,43,103835,880.0,2004-12-27,"Doha -> Melbourne, Melbourne -> Vina del Mar, Vina del Mar -> Buenos Aires, Buenos Aires -> Costa Do Sauipe, Costa Do Sauipe -> Acapulco, Acapulco -> Indian Wells, Indian Wells -> Monte Carlo, Monte Carlo -> Rome, Rome -> Hamburg, Hamburg -> St. Poelten, St. Poelten -> Paris 1, Paris 1 -> Halle, Halle -> London, London -> Bastad, Bastad -> Umag, Umag -> Athens Olympics, Athens Olympics -> New York, New York -> Bucharest, Bucharest -> Palermo, Palermo -> Moscow, Moscow -> Basel, Basel -> Paris"
20041227,44,103971,863.0,2004-12-27,"Adelaide -> Auckland, Auckland -> Melbourne, Melbourne -> Milan, Milan -> Marseille, Marseille -> Indian Wells, Indian Wells -> Miami, Miami -> Barcelona, Barcelona -> St. Poelten, St. Poelten -> Paris 1, Paris 1 -> Queen's Club, Queen's Club -> s Hertogenbosch, s Hertogenbosch -> London, London -> Los Angeles, Los Angeles -> Indianapolis, Indianapolis -> Canada, Canada -> Athens Olympics, Athens Olympics -> Long Island, Long Island -> New York, New York -> Moscow, Moscow -> St. Petersburg"
20041227,45,104607,863.0,2004-12-27,"Melbourne -> Monte Carlo, Monte Carlo -> Barcelona, Barcelona -> St. Poelten, St. Poelten -> Paris 1, Paris 1 -> London, London -> Gstaad, Gstaad -> Stuttgart, Stuttgart -> Kitzbuhel, Kitzbuhel -> Athens Olympics, Athens Olympics -> New York, New York -> Palermo, Palermo -> Moscow, Moscow -> Madrid, Madrid -> Stockholm"
20041227,46,102257,805.0,2004-12-27,"Adelaide -> Sydney, Sydney -> Melbourne, Melbourne -> St. Poelten, St. Poelten -> Paris 1, Paris 1 -> Queen's Club, Queen's Club -> Nottingham, Nottingham -> London, London -> Newport, Newport -> Los Angeles, Los Angeles -> Indianapolis, Indianapolis -> Cincinnati, Cincinnati -> New York, New York -> Delray Beach, Delray Beach -> Moscow, Moscow -> St. Petersburg"
20041227,47,103018,800.0,2004-12-27,"Sydney -> Melbourne, Melbourne -> Rotterdam, Rotterdam -> Marseille, Marseille -> Dubai, Dubai -> Indian Wells, Indian Wells -> Miami, Miami -> Estoril, Estoril -> Monte Carlo, Monte Carlo -> Rome, Rome -> Hamburg, Hamburg -> Paris 1, Paris 1 -> Queen's Club, Queen's Club -> Nottingham, Nottingham -> London, London -> Indianapolis, Indianapolis -> Canada, Canada -> Cincinnati, Cincinnati -> Athens Olympics, Athens Olympics -> New York, New York -> Delray Beach, Delray Beach -> Lyon, Lyon -> Moscow, Moscow -> Madrid, Madrid -> St. Petersburg, St. Petersburg -> Paris"
20041227,48,103598,798.0,2004-12-27,"Auckland -> Melbourne, Melbourne -> San Jose, San Jose -> Memphis, Memphis -> Scottsdale, Scottsdale -> Indian Wells, Indian Wells -> Miami, Miami -> Estoril, Estoril -> Monte Carlo, Monte Carlo -> Munich, Munich -> Hamburg, Hamburg -> St. Poelten, St. Poelten -> Paris 1, Paris 1 -> Nottingham, Nottingham -> London, London -> Indianapolis, Indianapolis -> Canada, Canada -> Cincinnati, Cincinnati -> Athens Olympics, Athens Olympics -> New York, New York -> Delray Beach, Delray Beach -> Lyon, Lyon -> Metz, Metz -> Madrid, Madrid -> Stockholm, Stockholm -> Paris"
20041227,49,103970,790.0,2004-12-27,"Chennai -> Melbourne, Melbourne -> Vina del Mar, Vina del Mar -> Buenos Aires, Buenos Aires -> Costa Do Sauipe, Costa Do Sauipe -> Acapulco, Acapulco -> Indian Wells, Indian Wells -> Miami, Miami -> Valencia, Valencia -> Barcelona, Barcelona -> Rome, Rome -> Hamburg, Hamburg -> Paris 1, Paris 1 -> Queen's Club, Queen's Club -> Nottingham, Nottingham -> London, London -> Gstaad, Gstaad -> Stuttgart, Stuttgart -> Kitzbuhel, Kitzbuhel -> Canada, Canada -> Cincinnati, Cincinnati -> Sopot, Sopot -> Long Island, Long Island -> New York, New York -> Bucharest, Bucharest -> Palermo, Palermo -> Lyon, Lyon -> Vienna, Vienna -> Madrid, Madrid -> St. Petersburg, St. Petersburg -> Paris"
20041227,50,104214,781.0,2004-12-27,"Chennai -> Melbourne, Melbourne -> Milan, Milan -> Scottsdale, Scottsdale -> Indian Wells, Indian Wells -> Miami, Miami -> Valencia, Valencia -> Monte Carlo, Monte Carlo -> Barcelona, Barcelona -> Rome, Rome -> St. Poelten, St. Poelten -> Paris 1, Paris 1 -> Queen's Club, Queen's Club -> s Hertogenbosch, s Hertogenbosch -> London, London -> Gstaad, Gstaad -> Amersfoort, Amersfoort -> Umag, Umag -> Canada, Canada -> Sopot, Sopot -> Athens Olympics, Athens Olympics -> Long Island, Long Island -> New York, New York -> Bucharest, Bucharest -> Bangkok, Bangkok -> Moscow, Moscow -> St. Petersburg"
20041227,51,104745,775.0,2004-12-27,"Chennai -> Auckland, Auckland -> Melbourne, Melbourne -> Milan, Milan -> Dubai, Dubai -> Indian Wells, Indian Wells -> Miami, Miami -> Estoril, Estoril -> Bastad, Bastad -> Stuttgart, Stuttgart -> Canada, Canada -> Cincinnati, Cincinnati -> Sopot, Sopot -> New York, New York -> Palermo, Palermo -> Lyon, Lyon -> Madrid, Madrid -> Basel"
20041227,52,102148,748.0,2004-12-27,"Auckland -> Melbourne, Melbourne -> Milan, Milan -> Marseille, Marseille -> Dubai, Dubai -> Indian Wells, Indian Wells -> Miami, Miami -> Monte Carlo, Monte Carlo -> Paris 1, Paris 1 -> London, London -> Indianapolis, Indianapolis -> Canada, Canada -> Cincinnati, Cincinnati -> Athens Olympics, Athens Olympics -> New York"
20041227,53,102642,748.0,2004-12-27,"Adelaide -> Melbourne, Melbourne -> San Jose, San Jose -> Memphis, Memphis -> Marseille, Marseille -> Indian Wells, Indian Wells -> Miami, Miami -> Estoril, Estoril -> Hamburg, Hamburg -> Casablanca, Casablanca -> Paris 1, Paris 1 -> Queen's Club, Queen's Club -> London, London -> Newport, Newport -> Los Angeles, Los Angeles -> Canada, Canada -> Washington, Washington -> New York, New York -> Delray Beach, Delray Beach -> Tokyo, Tokyo -> Moscow, Moscow -> St. Petersburg, St. Petersburg -> Paris"
20041227,54,103151,735.0,2004-12-27,"Vina del Mar -> Buenos Aires, Buenos Aires -> Costa Do Sauipe, Costa Do Sauipe -> Acapulco, Acapulco -> Indian Wells, Indian Wells -> Miami, Miami -> Estoril, Estoril -> Monte Carlo, Monte Carlo -> Barcelona, Barcelona -> Rome, Rome -> Hamburg, Hamburg -> Dusseldorf, Dusseldorf -> Paris 1, Paris 1 -> Bastad, Bastad -> Stuttgart, Stuttgart -> Kitzbuhel, Kitzbuhel -> Canada, Canada -> Cincinnati, Cincinnati -> Athens Olympics, Athens Olympics -> New York, New York -> Vienna, Vienna -> Basel, Basel -> Paris"
20041227,55,103280,709.0,2004-12-27,"Sydney -> Melbourne, Melbourne -> Milan, Milan -> Rotterdam, Rotterdam -> Scottsdale, Scottsdale -> Indian Wells, Indian Wells -> Miami, Miami -> Monte Carlo, Monte Carlo -> Munich, Munich -> Rome, Rome -> Hamburg, Hamburg -> Dusseldorf, Dusseldorf -> Paris 1, Paris 1 -> Halle, Halle -> s Hertogenbosch, s Hertogenbosch -> London, London -> Amersfoort"
20041227,56,102610,705.0,2004-12-27,"Sydney -> Melbourne, Melbourne -> Rotterdam, Rotterdam -> Marseille, Marseille -> Indian Wells, Indian Wells -> Miami, Miami -> Valencia, Valencia -> Monte Carlo, Monte Carlo -> Barcelona, Barcelona -> Rome, Rome -> Hamburg, Hamburg -> Dusseldorf, Dusseldorf -> Paris 1, Paris 1 -> London, London -> Gstaad, Gstaad -> Stuttgart, Stuttgart -> Kitzbuhel, Kitzbuhel -> Long Island, Long Island -> New York, New York -> Bucharest, Bucharest -> Lyon, Lyon -> Vienna, Vienna -> Madrid"
20041227,57,102854,705.0,2004-12-27,"Chennai -> Auckland, Auckland -> Melbourne, Melbourne -> Rotterdam, Rotterdam -> Dubai, Dubai -> Indian Wells, Indian Wells -> Miami, Miami -> Monte Carlo, Monte Carlo -> Rome, Rome -> Hamburg, Hamburg -> Dusseldorf, Dusseldorf -> Queen's Club, Queen's Club -> s Hertogenbosch, s Hertogenbosch -> London, London -> Los Angeles, Los Angeles -> Indianapolis, Indianapolis -> Cincinnati, Cincinnati -> Washington, Washington -> Madrid"
20041227,58,102860,685.0,2004-12-27,"Doha -> Sydney, Sydney -> Melbourne, Melbourne -> Buenos Aires, Buenos Aires -> Costa Do Sauipe, Costa Do Sauipe -> Acapulco, Acapulco -> Indian Wells, Indian Wells -> Miami, Miami -> Estoril, Estoril -> Monte Carlo, Monte Carlo -> Barcelona, Barcelona -> Paris 1, Paris 1 -> Bastad, Bastad -> Athens Olympics, Athens Olympics -> Lyon, Lyon -> Vienna, Vienna -> Madrid, Madrid -> Stockholm"
20041227,59,102703,681.0,2004-12-27,"Doha -> Melbourne, Melbourne -> San Jose, San Jose -> Memphis, Memphis -> Indian Wells, Indian Wells -> Miami, Miami -> Paris 1, Paris 1 -> Queen's Club, Queen's Club -> Los Angeles, Los Angeles -> Indianapolis, Indianapolis -> Canada, Canada -> Athens Olympics, Athens Olympics -> New York, New York -> Beijing, Beijing -> Shanghai, Shanghai -> Tokyo"
20041227,60,102905,647.0,2004-12-27,"Doha -> Auckland, Auckland -> Melbourne, Melbourne -> Rotterdam, Rotterdam -> Acapulco, Acapulco -> Miami, Miami -> Valencia, Valencia -> Barcelona, Barcelona -> Rome, Rome -> St. Poelten, St. Poelten -> Paris 1, Paris 1 -> Queen's Club, Queen's Club -> London, London -> Gstaad, Gstaad -> Stuttgart, Stuttgart -> Kitzbuhel, Kitzbuhel -> Sopot, Sopot -> Washington, Washington -> Long Island, Long Island -> New York, New York -> Bucharest, Bucharest -> Vienna, Vienna -> Madrid, Madrid -> Basel"
20041227,61,103333,640.0,2004-12-27,"Adelaide -> Melbourne, Melbourne -> Milan, Milan -> Scottsdale, Scottsdale -> Indian Wells, Indian Wells -> Miami, Miami -> Houston, Houston -> Barcelona, Barcelona -> Rome, Rome -> St. Poelten, St. Poelten -> Paris 1, Paris 1 -> Queen's Club, Queen's Club -> s Hertogenbosch, s Hertogenbosch -> London, London -> Gstaad, Gstaad -> Stuttgart, Stuttgart -> Indianapolis, Indianapolis -> Canada, Canada -> Cincinnati, Cincinnati -> Athens Olympics, Athens Olympics -> New York, New York -> Delray Beach, Delray Beach -> Moscow, Moscow -> Madrid, Madrid -> St. Petersburg"
20041227,62,102271,630.0,2004-12-27,"Doha -> Melbourne, Melbourne -> Marseille, Marseille -> Indian Wells, Indian Wells -> Miami, Miami -> Monte Carlo, Monte Carlo -> Rome, Rome -> Hamburg, Hamburg -> Paris 1, Paris 1 -> Nottingham, Nottingham -> London, London -> Canada, Canada -> Cincinnati, Cincinnati -> Athens Olympics, Athens Olympics -> New York, New York -> Lyon, Lyon -> Madrid, Madrid -> Paris"
20041227,63,104068,625.0,2004-12-27,"Adelaide -> Melbourne, Melbourne -> San Jose, San Jose -> Memphis, Memphis -> Scottsdale, Scottsdale -> Indian Wells, Indian Wells -> Miami, Miami -> Houston, Houston -> Rome, Rome -> Hamburg, Hamburg -> Dusseldorf, Dusseldorf -> Paris 1, Paris 1 -> Queen's Club, Queen's Club -> London, London -> Los Angeles, Los Angeles -> Indianapolis, Indianapolis -> Canada, Canada -> Cincinnati, Cincinnati -> Washington, Washington -> Long Island, Long Island -> New York, New York -> Lyon, Lyon -> Vienna, Vienna -> Madrid, Madrid -> Stockholm"
20041227,64,102765,616.0,2004-12-27,"Doha -> Melbourne, Melbourne -> Milan, Milan -> Marseille, Marseille -> Indian Wells, Indian Wells -> Miami, Miami -> Monte Carlo, Monte Carlo -> Paris 1, Paris 1 -> Canada"
20041227,65,103898,593.0,2004-12-27,"Adelaide -> Miami, Miami -> Monte Carlo, Monte Carlo -> Casablanca, Casablanca -> Paris 1, Paris 1 -> Queen's Club, Queen's Club -> London, London -> Los Angeles, Los Angeles -> Indianapolis, Indianapolis -> Canada, Canada -> Long Island, Long Island -> New York, New York -> Lyon, Lyon -> Metz, Metz -> St. Petersburg"
20041227,66,103694,585.0,2004-12-27,"Doha -> Melbourne, Melbourne -> Rotterdam, Rotterdam -> Marseille, Marseille -> Dubai, Dubai -> Indian Wells, Indian Wells -> Miami, Miami -> Estoril, Estoril -> Monte Carlo, Monte Carlo -> Munich, Munich -> Hamburg, Hamburg -> St. Poelten, St. Poelten -> Paris 1, Paris 1 -> Queen's Club, Queen's Club -> Nottingham, Nottingham -> London, London -> Amersfoort, Amersfoort -> Umag, Umag -> Athens Olympics, Athens Olympics -> New York, New York -> Metz, Metz -> Stockholm"
20041227,67,104076,581.0,2004-12-27,"Melbourne -> Vina del Mar, Vina del Mar -> Buenos Aires, Buenos Aires -> Costa Do Sauipe, Costa Do Sauipe -> Acapulco, Acapulco -> Houston, Houston -> Barcelona, Barcelona -> s Hertogenbosch, s Hertogenbosch -> London, London -> Gstaad, Gstaad -> Amersfoort, Amersfoort -> Umag, Umag -> Sopot, Sopot -> New York, New York -> Bucharest, Bucharest -> Palermo, Palermo -> Metz"
20041227,68,103252,580.0,2004-12-27,"Adelaide -> Auckland, Auckland -> Melbourne, Melbourne -> Milan, Milan -> Marseille, Marseille -> Dubai, Dubai -> Indian Wells, Indian Wells -> Miami, Miami -> Valencia, Valencia -> Monte Carlo, Monte Carlo -> Barcelona, Barcelona -> Rome, Rome -> Hamburg, Hamburg -> Paris 1, Paris 1 -> Nottingham, Nottingham -> London, London -> Bastad, Bastad -> Amersfoort, Amersfoort -> Umag, Umag -> Sopot, Sopot -> Washington, Washington -> Long Island, Long Island -> New York, New York -> Palermo, Palermo -> Vienna, Vienna -> St. Petersburg"
20041227,69,104180,580.0,2004-12-27,"Auckland -> Melbourne, Melbourne -> Miami, Miami -> Washington, Washington -> Shanghai, Shanghai -> Tokyo, Tokyo -> Metz, Metz -> St. Petersburg"
20041227,70,102035,575.0,2004-12-27,"Doha -> Sydney, Sydney -> Melbourne, Melbourne -> Rotterdam, Rotterdam -> Marseille, Marseille -> Dubai, Dubai -> Indian Wells, Indian Wells -> Miami, Miami -> Monte Carlo, Monte Carlo -> Rome, Rome -> Hamburg, Hamburg -> Paris 1, Paris 1 -> Halle, Halle -> Nottingham, Nottingham -> London, London -> Bastad, Bastad -> Canada, Canada -> Cincinnati, Cincinnati -> Athens Olympics, Athens Olympics -> New York, New York -> Lyon, Lyon -> Moscow, Moscow -> Madrid, Madrid -> Stockholm, Stockholm -> Paris"
20041227,71,103672,568.0,2004-12-27,"Melbourne -> Costa Do Sauipe, Costa Do Sauipe -> Miami, Miami -> Paris 1, Paris 1 -> New York, New York -> Delray Beach, Delray Beach -> Shanghai, Shanghai -> Tokyo, Tokyo -> St. Petersburg"
20041227,72,102358,538.0,2004-12-27,"Doha -> Melbourne, Melbourne -> Memphis, Memphis -> Marseille, Marseille -> Indian Wells, Indian Wells -> Miami, Miami -> Houston, Houston -> Monte Carlo, Monte Carlo -> Paris 1, Paris 1 -> Queen's Club, Queen's Club -> London, London -> Indianapolis, Indianapolis -> Canada, Canada -> Cincinnati, Cincinnati -> Athens Olympics, Athens Olympics -> Long Island, Long Island -> New York, New York -> Vienna, Vienna -> Stockholm, Stockholm -> Paris"
20041227,73,104338,533.0,2004-12-27,"Buenos Aires -> Costa Do Sauipe, Costa Do Sauipe -> Miami, Miami -> Paris 1, Paris 1 -> Bastad, Bastad -> Kitzbuhel, Kitzbuhel -> Sopot, Sopot -> New York, New York -> Bucharest, Bucharest -> Palermo, Palermo -> Lyon, Lyon -> Metz"
20041227,74,103176,528.0,2004-12-27,"Doha -> Auckland, Auckland -> Melbourne, Melbourne -> Vina del Mar, Vina del Mar -> Buenos Aires, Buenos Aires -> Costa Do Sauipe, Costa Do Sauipe -> Acapulco, Acapulco -> Indian Wells, Indian Wells -> Miami, Miami -> Valencia, Valencia -> Monte Carlo, Monte Carlo -> Barcelona, Barcelona -> Rome, Rome -> Hamburg, Hamburg -> St. Poelten, St. Poelten -> Paris 1, Paris 1 -> London, London -> Gstaad, Gstaad -> Amersfoort, Amersfoort -> Kitzbuhel, Kitzbuhel -> Canada, Canada -> Long Island, Long Island -> New York, New York -> Bucharest, Bucharest -> Palermo, Palermo -> Moscow, Moscow -> Madrid"
20041227,75,102227,525.0,2004-12-27,"Doha -> Sydney, Sydney -> Melbourne, Melbourne -> Milan, Milan -> Rotterdam, Rotterdam -> Marseille, Marseille -> Dubai, Dubai -> Indian Wells, Indian Wells -> Miami, Miami -> Monte Carlo, Monte Carlo -> Munich, Munich -> Rome, Rome -> Hamburg, Hamburg -> Paris 1, Paris 1 -> Halle, Halle -> Nottingham, Nottingham -> London, London -> Indianapolis, Indianapolis -> Canada, Canada -> Cincinnati, Cincinnati -> Athens Olympics, Athens Olympics -> Long Island, Long Island -> New York, New York -> Lyon, Lyon -> Moscow, Moscow -> St. Petersburg, St. Petersburg -> Paris"
20041227,76,103808,522.0,2004-12-27,"Paris 1 -> London, London -> Gstaad, Gstaad -> Kitzbuhel, Kitzbuhel -> New York, New York -> Bucharest, Bucharest -> Palermo, Palermo -> Vienna, Vienna -> Basel"
20041227,77,103813,519.0,2004-12-27,"Adelaide -> Auckland, Auckland -> Melbourne, Melbourne -> Rotterdam, Rotterdam -> Marseille, Marseille -> Dubai, Dubai -> Indian Wells, Indian Wells -> Miami, Miami -> Monte Carlo, Monte Carlo -> Bastad, Bastad -> Athens Olympics, Athens Olympics -> Long Island, Long Island -> New York, New York -> Beijing, Beijing -> Shanghai, Shanghai -> Tokyo, Tokyo -> Stockholm"
20041227,78,103789,510.0,2004-12-27,"Adelaide -> Melbourne, Melbourne -> San Jose, San Jose -> Memphis, Memphis -> Indian Wells, Indian Wells -> Miami, Miami -> Estoril, Estoril -> Rome, Rome -> Hamburg, Hamburg -> St. Poelten, St. Poelten -> Paris 1, Paris 1 -> Nottingham, Nottingham -> London, London -> Bastad, Bastad -> Kitzbuhel, Kitzbuhel -> Canada, Canada -> Cincinnati, Cincinnati -> New York, New York -> Moscow, Moscow -> Madrid, Madrid -> St. Petersburg"
20041227,79,102179,503.0,2004-12-27,"Chennai -> Melbourne, Melbourne -> Milan, Milan -> Memphis, Memphis -> Scottsdale, Scottsdale -> Indian Wells, Indian Wells -> Estoril, Estoril -> Munich, Munich -> Hamburg, Hamburg -> Casablanca, Casablanca -> Paris 1, Paris 1 -> Queen's Club, Queen's Club -> s Hertogenbosch, s Hertogenbosch -> London, London -> Newport, Newport -> Los Angeles, Los Angeles -> Indianapolis, Indianapolis -> Washington, Washington -> New York, New York -> Metz, Metz -> Madrid, Madrid -> Basel"
20041227,80,104098,491.0,2004-12-27,"Chennai -> Melbourne, Melbourne -> San Jose, San Jose -> Memphis, Memphis -> Scottsdale, Scottsdale -> Indian Wells, Indian Wells -> Miami, Miami -> Houston, Houston -> Barcelona, Barcelona -> St. Poelten, St. Poelten -> Paris 1, Paris 1 -> Queen's Club, Queen's Club -> London, London -> Cincinnati, Cincinnati -> Washington, Washington -> Long Island, Long Island -> New York"
20041227,81,102231,489.0,2004-12-27,"Valencia -> Casablanca, Casablanca -> Umag, Umag -> Sopot, Sopot -> New York, New York -> Bucharest, Bucharest -> Palermo"
20041227,82,103171,482.0,2004-12-27,"Adelaide -> Auckland, Auckland -> Melbourne, Melbourne -> Milan, Milan -> Rotterdam, Rotterdam -> Marseille, Marseille -> Indian Wells, Indian Wells -> Miami, Miami -> Valencia, Valencia -> Barcelona, Barcelona -> St. Poelten, St. Poelten -> Paris 1, Paris 1 -> Queen's Club, Queen's Club -> s Hertogenbosch, s Hertogenbosch -> London, London -> Amersfoort, Amersfoort -> Washington, Washington -> New York, New York -> Bucharest, Bucharest -> Lyon, Lyon -> Metz, Metz -> Stockholm"
20041227,83,103401,480.0,2004-12-27,"Indian Wells -> Miami, Miami -> Halle, Halle -> London, London -> Newport, Newport -> Los Angeles, Los Angeles -> Indianapolis, Indianapolis -> Canada, Canada -> Shanghai, Shanghai -> Tokyo, Tokyo -> Moscow, Moscow -> St. Petersburg"
20041227,84,102202,479.0,2004-12-27,"Chennai -> Melbourne, Melbourne -> San Jose, San Jose -> Miami, Miami -> Houston, Houston -> Munich, Munich -> Paris 1, Paris 1 -> Halle, Halle -> London, London -> Newport, Newport -> Los Angeles, Los Angeles -> Indianapolis, Indianapolis -> Washington, Washington -> New York, New York -> Delray Beach, Delray Beach -> Shanghai, Shanghai -> Tokyo, Tokyo -> Moscow, Moscow -> Stockholm"
20041227,85,103169,478.0,2004-12-27,"Melbourne -> Vina del Mar, Vina del Mar -> Buenos Aires, Buenos Aires -> Costa Do Sauipe, Costa Do Sauipe -> Acapulco, Acapulco -> Valencia, Valencia -> Barcelona, Barcelona -> Hamburg, Hamburg -> Casablanca, Casablanca -> Paris 1, Paris 1 -> London, London -> Gstaad, Gstaad -> Amersfoort, Amersfoort -> Kitzbuhel, Kitzbuhel -> Sopot, Sopot -> New York, New York -> Bucharest, Bucharest -> Palermo, Palermo -> Stockholm"
20041227,86,102539,468.0,2004-12-27,"Doha -> Melbourne, Melbourne -> Milan, Milan -> Dubai, Dubai -> Indian Wells, Indian Wells -> Miami, Miami -> Estoril, Estoril -> Monte Carlo, Monte Carlo -> Munich, Munich -> Paris 1, Paris 1 -> London, London -> Gstaad, Gstaad -> Stuttgart, Stuttgart -> Umag, Umag -> Sopot, Sopot -> Shanghai, Shanghai -> Tokyo, Tokyo -> Vienna, Vienna -> Basel"
20041227,87,104229,466.0,2004-12-27,"Queen's Club -> s Hertogenbosch, s Hertogenbosch -> London, London -> Indianapolis, Indianapolis -> Cincinnati, Cincinnati -> Athens Olympics, Athens Olympics -> New York, New York -> Beijing, Beijing -> Shanghai, Shanghai -> Tokyo"
20041227,88,104259,466.0,2004-12-27,"Auckland -> Dubai, Dubai -> Munich, Munich -> Casablanca, Casablanca -> Stuttgart, Stuttgart -> New York, New York -> Bucharest, Bucharest -> Palermo, Palermo -> Metz, Metz -> Stockholm"
20041227,89,103193,460.0,2004-12-27,s Hertogenbosch -> Amersfoort
20041227,90,102571,457.0,2004-12-27,"Doha -> Auckland, Auckland -> Melbourne, Melbourne -> Milan, Milan -> Marseille, Marseille -> Dubai, Dubai -> Miami, Miami -> Estoril, Estoril -> Monte Carlo, Monte Carlo -> Nottingham, Nottingham -> London, London -> Newport, Newport -> Los Angeles, Los Angeles -> Indianapolis, Indianapolis -> Canada, Canada -> Cincinnati, Cincinnati -> Athens Olympics, Athens Olympics -> New York, New York -> Metz, Metz -> St. Petersburg"
20041227,91,102344,452.0,2004-12-27,"Sydney -> Melbourne, Melbourne -> Milan, Milan -> Rotterdam, Rotterdam -> Marseille, Marseille -> Miami, Miami -> Munich, Munich -> Paris 1, Paris 1 -> Queen's Club, Queen's Club -> Nottingham, Nottingham -> London, London -> Umag, Umag -> Athens Olympics, Athens Olympics -> New York, New York -> Vienna"
20041227,92,103812,452.0,2004-12-27,"Adelaide -> Melbourne, Melbourne -> Scottsdale, Scottsdale -> Indian Wells, Indian Wells -> Miami, Miami -> Estoril, Estoril -> Munich, Munich -> Hamburg, Hamburg -> St. Poelten, St. Poelten -> Paris 1, Paris 1 -> Queen's Club, Queen's Club -> Nottingham, Nottingham -> London, London -> Gstaad, Gstaad -> Stuttgart, Stuttgart -> Umag, Umag -> Sopot, Sopot -> Athens Olympics, Athens Olympics -> New York, New York -> Bucharest, Bucharest -> Palermo, Palermo -> Metz, Metz -> Basel, Basel -> Paris"
20041227,93,103592,452.0,2004-12-27,"Paris 1 -> Stuttgart, Stuttgart -> Metz, Metz -> Basel"
20041227,94,103240,451.0,2004-12-27,"Paris 1 -> Long Island, Long Island -> Beijing"
20041227,95,102998,450.0,2004-12-27,"Doha -> Auckland, Auckland -> Melbourne, Melbourne -> San Jose, San Jose -> Memphis, Memphis -> Scottsdale, Scottsdale -> Indian Wells, Indian Wells -> Miami, Miami -> Barcelona, Barcelona -> St. Poelten, St. Poelten -> Paris 1, Paris 1 -> Queen's Club, Queen's Club -> Nottingham, Nottingham -> London, London -> Newport, Newport -> Indianapolis, Indianapolis -> Cincinnati, Cincinnati -> Washington, Washington -> Long Island, Long Island -> New York, New York -> Delray Beach, Delray Beach -> Shanghai, Shanghai -> Tokyo, Tokyo -> Metz, Metz -> Stockholm"
20041227,96,103319,445.0,2004-12-27,"Melbourne -> Miami, Miami -> Queen's Club, Queen's Club -> Newport, Newport -> Los Angeles, Los Angeles -> Indianapolis, Indianapolis -> Cincinnati, Cincinnati -> New York, New York -> Delray Beach, Delray Beach -> Bangkok, Bangkok -> Tokyo, Tokyo -> Metz, Metz -> Stockholm"
20041227,97,103484,440.0,2004-12-27,"Sydney -> Melbourne, Melbourne -> San Jose, San Jose -> Memphis, Memphis -> Scottsdale, Scottsdale -> Indian Wells, Indian Wells -> Miami, Miami -> Houston, Houston -> Munich, Munich -> Rome, Rome -> Newport, Newport -> Washington, Washington -> Delray Beach"
20041227,98,103420,437.0,2004-12-27,"Melbourne -> Kitzbuhel, Kitzbuhel -> New York, New York -> Stockholm"
20041227,99,103656,436.0,2004-12-27,"Chennai -> Melbourne, Melbourne -> Vina del Mar, Vina del Mar -> Buenos Aires, Buenos Aires -> Costa Do Sauipe, Costa Do Sauipe -> Acapulco, Acapulco -> Valencia, Valencia -> Barcelona, Barcelona -> London, London -> Gstaad, Gstaad -> Amersfoort, Amersfoort -> Kitzbuhel, Kitzbuhel -> Sopot, Sopot -> New York, New York -> Bucharest, Bucharest -> Palermo, Palermo -> Basel"
20041227,100,102694,434.0,2004-12-27,"Adelaide -> Melbourne, Melbourne -> San Jose, San Jose -> Memphis, Memphis -> Scottsdale, Scottsdale -> Indian Wells, Indian Wells -> Miami, Miami -> Houston, Houston -> Munich, Munich -> Hamburg, Hamburg -> Paris 1, Paris 1 -> Halle, Halle -> s Hertogenbosch, s Hertogenbosch -> London, London -> Gstaad, Gstaad -> Stuttgart, Stuttgart -> Beijing, Beijing -> Shanghai, Shanghai -> Tokyo"
